expense_id,group_name,description,total_amount,category,expense_date,split_type,paid_by_name,paid_by_email,split_member_name,split_member_email,amount_owed_by_member,created_at
8f25438f-4dfd-4ebb-ac76-6a12383a2fc1,Flat 404 Roommates,Weekend Celebratory Dinner,3000.00,Food,Sun Jun 14 2026 00:00:00 GMT+0530 (India Standard Time),EXACT,Siddharth Jain,user3@example.com,Amith Raj,user2@example.com,1200.00,Tue Jun 16 2026 18:00:08 GMT+0530 (India Standard Time)
8f25438f-4dfd-4ebb-ac76-6a12383a2fc1,Flat 404 Roommates,Weekend Celebratory Dinner,3000.00,Food,Sun Jun 14 2026 00:00:00 GMT+0530 (India Standard Time),EXACT,Siddharth Jain,user3@example.com,Siddharth Jain,user3@example.com,800.00,Tue Jun 16 2026 18:00:08 GMT+0530 (India Standard Time)
8f25438f-4dfd-4ebb-ac76-6a12383a2fc1,Flat 404 Roommates,Weekend Celebratory Dinner,3000.00,Food,Sun Jun 14 2026 00:00:00 GMT+0530 (India Standard Time),EXACT,Siddharth Jain,user3@example.com,Vijay Kumar,user1@example.com,1000.00,Tue Jun 16 2026 18:00:08 GMT+0530 (India Standard Time)
1576e029-9287-4333-8476-6a1a0f0e84c9,Flat 404 Roommates,Weekly Grocery Shopping,1500.00,Food,Fri Jun 05 2026 00:00:00 GMT+0530 (India Standard Time),EQUAL,Amith Raj,user2@example.com,Amith Raj,user2@example.com,500.00,Tue Jun 16 2026 18:00:08 GMT+0530 (India Standard Time)
1576e029-9287-4333-8476-6a1a0f0e84c9,Flat 404 Roommates,Weekly Grocery Shopping,1500.00,Food,Fri Jun 05 2026 00:00:00 GMT+0530 (India Standard Time),EQUAL,Amith Raj,user2@example.com,Siddharth Jain,user3@example.com,500.00,Tue Jun 16 2026 18:00:08 GMT+0530 (India Standard Time)
1576e029-9287-4333-8476-6a1a0f0e84c9,Flat 404 Roommates,Weekly Grocery Shopping,1500.00,Food,Fri Jun 05 2026 00:00:00 GMT+0530 (India Standard Time),EQUAL,Amith Raj,user2@example.com,Vijay Kumar,user1@example.com,500.00,Tue Jun 16 2026 18:00:08 GMT+0530 (India Standard Time)
17eda7a8-c680-479c-b507-d9c8431371f0,Flat 404 Roommates,WiFi Broadband Bill,999.00,Bills,Sun May 31 2026 00:00:00 GMT+0530 (India Standard Time),EQUAL,Vijay Kumar,user1@example.com,Amith Raj,user2@example.com,333.00,Tue Jun 16 2026 18:00:08 GMT+0530 (India Standard Time)
17eda7a8-c680-479c-b507-d9c8431371f0,Flat 404 Roommates,WiFi Broadband Bill,999.00,Bills,Sun May 31 2026 00:00:00 GMT+0530 (India Standard Time),EQUAL,Vijay Kumar,user1@example.com,Siddharth Jain,user3@example.com,333.00,Tue Jun 16 2026 18:00:08 GMT+0530 (India Standard Time)
17eda7a8-c680-479c-b507-d9c8431371f0,Flat 404 Roommates,WiFi Broadband Bill,999.00,Bills,Sun May 31 2026 00:00:00 GMT+0530 (India Standard Time),EQUAL,Vijay Kumar,user1@example.com,Vijay Kumar,user1@example.com,333.00,Tue Jun 16 2026 18:00:08 GMT+0530 (India Standard Time)
ca2e4e5d-8a32-42dd-b7f1-63e3d4b7988c,Home,June gas bill,448.00,Bills,Tue Jun 30 2026 00:00:00 GMT+0530 (India Standard Time),EQUAL,Shailesh,guest_fdb08d74-1a0f-406f-ba40-57b3090b89e5@guest.local,Fenil,guest_3f76f278-300d-40f1-8020-931d9d27557c@guest.local,89.60,Tue Jun 30 2026 18:34:45 GMT+0530 (India Standard Time)
933c5caa-3538-4c52-b65d-f4b0168aaa9a,Home,Totalwater bill,705.00,Food,Tue Jun 30 2026 00:00:00 GMT+0530 (India Standard Time),EQUAL,Shailesh,guest_fdb08d74-1a0f-406f-ba40-57b3090b89e5@guest.local,Fenil,guest_3f76f278-300d-40f1-8020-931d9d27557c@guest.local,141.00,Tue Jun 30 2026 18:34:18 GMT+0530 (India Standard Time)
a2143637-8b0d-418c-8f1e-2a0efbf698d2,Home,Chass,20.00,Food,Tue Jun 30 2026 00:00:00 GMT+0530 (India Standard Time),EQUAL,Mahipal,guest_d953bc9f-47f0-4ee1-9e55-7d9893c3004e@guest.local,Fenil,guest_3f76f278-300d-40f1-8020-931d9d27557c@guest.local,4.00,Tue Jun 30 2026 18:41:40 GMT+0530 (India Standard Time)
1a5bfa66-6f7e-40e2-8078-4c120529a130,Home,Chass,80.00,Food,Tue Jun 30 2026 00:00:00 GMT+0530 (India Standard Time),EQUAL,Vijay,bvijay9100@gmail.com,Fenil,guest_3f76f278-300d-40f1-8020-931d9d27557c@guest.local,16.00,Tue Jun 30 2026 18:42:17 GMT+0530 (India Standard Time)
a2143637-8b0d-418c-8f1e-2a0efbf698d2,Home,Chass,20.00,Food,Tue Jun 30 2026 00:00:00 GMT+0530 (India Standard Time),EQUAL,Mahipal,guest_d953bc9f-47f0-4ee1-9e55-7d9893c3004e@guest.local,Mahipal,guest_d953bc9f-47f0-4ee1-9e55-7d9893c3004e@guest.local,4.00,Tue Jun 30 2026 18:41:40 GMT+0530 (India Standard Time)
ca2e4e5d-8a32-42dd-b7f1-63e3d4b7988c,Home,June gas bill,448.00,Bills,Tue Jun 30 2026 00:00:00 GMT+0530 (India Standard Time),EQUAL,Shailesh,guest_fdb08d74-1a0f-406f-ba40-57b3090b89e5@guest.local,Mahipal,guest_d953bc9f-47f0-4ee1-9e55-7d9893c3004e@guest.local,89.60,Tue Jun 30 2026 18:34:45 GMT+0530 (India Standard Time)
933c5caa-3538-4c52-b65d-f4b0168aaa9a,Home,Totalwater bill,705.00,Food,Tue Jun 30 2026 00:00:00 GMT+0530 (India Standard Time),EQUAL,Shailesh,guest_fdb08d74-1a0f-406f-ba40-57b3090b89e5@guest.local,Mahipal,guest_d953bc9f-47f0-4ee1-9e55-7d9893c3004e@guest.local,141.00,Tue Jun 30 2026 18:34:18 GMT+0530 (India Standard Time)
1a5bfa66-6f7e-40e2-8078-4c120529a130,Home,Chass,80.00,Food,Tue Jun 30 2026 00:00:00 GMT+0530 (India Standard Time),EQUAL,Vijay,bvijay9100@gmail.com,Mahipal,guest_d953bc9f-47f0-4ee1-9e55-7d9893c3004e@guest.local,16.00,Tue Jun 30 2026 18:42:17 GMT+0530 (India Standard Time)
933c5caa-3538-4c52-b65d-f4b0168aaa9a,Home,Totalwater bill,705.00,Food,Tue Jun 30 2026 00:00:00 GMT+0530 (India Standard Time),EQUAL,Shailesh,guest_fdb08d74-1a0f-406f-ba40-57b3090b89e5@guest.local,Shailesh,guest_fdb08d74-1a0f-406f-ba40-57b3090b89e5@guest.local,141.00,Tue Jun 30 2026 18:34:18 GMT+0530 (India Standard Time)
630a4d3b-f069-4156-aa5d-29c5ca26a23a,Home,Suha tshirt,200.00,Bills,Tue Jun 30 2026 00:00:00 GMT+0530 (India Standard Time),EQUAL,Vijay,bvijay9100@gmail.com,Shailesh,guest_fdb08d74-1a0f-406f-ba40-57b3090b89e5@guest.local,200.00,Tue Jun 30 2026 18:51:45 GMT+0530 (India Standard Time)
cf64a1b2-e475-4df2-b842-a5be91dd2eb2,Home,Ramen and tshirt ,375.00,Bills,Tue Jun 30 2026 00:00:00 GMT+0530 (India Standard Time),EQUAL,Vijay,bvijay9100@gmail.com,Shailesh,guest_fdb08d74-1a0f-406f-ba40-57b3090b89e5@guest.local,375.00,Tue Jun 30 2026 18:51:26 GMT+0530 (India Standard Time)
df091553-71b4-41c1-ad77-82dce182c122,Home,Suha dress,400.00,Bills,Tue Jun 30 2026 00:00:00 GMT+0530 (India Standard Time),EQUAL,Vijay,bvijay9100@gmail.com,Shailesh,guest_fdb08d74-1a0f-406f-ba40-57b3090b89e5@guest.local,400.00,Tue Jun 30 2026 18:51:01 GMT+0530 (India Standard Time)
2c9b0a96-0dc8-4115-b5dd-3481b6096438,Home,Panipuri,20.00,Bills,Tue Jun 30 2026 00:00:00 GMT+0530 (India Standard Time),EQUAL,Vijay,bvijay9100@gmail.com,Shailesh,guest_fdb08d74-1a0f-406f-ba40-57b3090b89e5@guest.local,20.00,Tue Jun 30 2026 18:50:39 GMT+0530 (India Standard Time)
ca2e4e5d-8a32-42dd-b7f1-63e3d4b7988c,Home,June gas bill,448.00,Bills,Tue Jun 30 2026 00:00:00 GMT+0530 (India Standard Time),EQUAL,Shailesh,guest_fdb08d74-1a0f-406f-ba40-57b3090b89e5@guest.local,Shailesh,guest_fdb08d74-1a0f-406f-ba40-57b3090b89e5@guest.local,89.60,Tue Jun 30 2026 18:34:45 GMT+0530 (India Standard Time)
a2143637-8b0d-418c-8f1e-2a0efbf698d2,Home,Chass,20.00,Food,Tue Jun 30 2026 00:00:00 GMT+0530 (India Standard Time),EQUAL,Mahipal,guest_d953bc9f-47f0-4ee1-9e55-7d9893c3004e@guest.local,Shailesh,guest_fdb08d74-1a0f-406f-ba40-57b3090b89e5@guest.local,4.00,Tue Jun 30 2026 18:41:40 GMT+0530 (India Standard Time)
1a5bfa66-6f7e-40e2-8078-4c120529a130,Home,Chass,80.00,Food,Tue Jun 30 2026 00:00:00 GMT+0530 (India Standard Time),EQUAL,Vijay,bvijay9100@gmail.com,Shailesh,guest_fdb08d74-1a0f-406f-ba40-57b3090b89e5@guest.local,16.00,Tue Jun 30 2026 18:42:17 GMT+0530 (India Standard Time)
1a5bfa66-6f7e-40e2-8078-4c120529a130,Home,Chass,80.00,Food,Tue Jun 30 2026 00:00:00 GMT+0530 (India Standard Time),EQUAL,Vijay,bvijay9100@gmail.com,Soumar,guest_6f4ec58b-c73b-4a8c-ac6a-b9d6b8eca9e9@guest.local,16.00,Tue Jun 30 2026 18:42:17 GMT+0530 (India Standard Time)
ca2e4e5d-8a32-42dd-b7f1-63e3d4b7988c,Home,June gas bill,448.00,Bills,Tue Jun 30 2026 00:00:00 GMT+0530 (India Standard Time),EQUAL,Shailesh,guest_fdb08d74-1a0f-406f-ba40-57b3090b89e5@guest.local,Soumar,guest_6f4ec58b-c73b-4a8c-ac6a-b9d6b8eca9e9@guest.local,89.60,Tue Jun 30 2026 18:34:45 GMT+0530 (India Standard Time)
933c5caa-3538-4c52-b65d-f4b0168aaa9a,Home,Totalwater bill,705.00,Food,Tue Jun 30 2026 00:00:00 GMT+0530 (India Standard Time),EQUAL,Shailesh,guest_fdb08d74-1a0f-406f-ba40-57b3090b89e5@guest.local,Soumar,guest_6f4ec58b-c73b-4a8c-ac6a-b9d6b8eca9e9@guest.local,141.00,Tue Jun 30 2026 18:34:18 GMT+0530 (India Standard Time)
a2143637-8b0d-418c-8f1e-2a0efbf698d2,Home,Chass,20.00,Food,Tue Jun 30 2026 00:00:00 GMT+0530 (India Standard Time),EQUAL,Mahipal,guest_d953bc9f-47f0-4ee1-9e55-7d9893c3004e@guest.local,Soumar,guest_6f4ec58b-c73b-4a8c-ac6a-b9d6b8eca9e9@guest.local,4.00,Tue Jun 30 2026 18:41:40 GMT+0530 (India Standard Time)
a2143637-8b0d-418c-8f1e-2a0efbf698d2,Home,Chass,20.00,Food,Tue Jun 30 2026 00:00:00 GMT+0530 (India Standard Time),EQUAL,Mahipal,guest_d953bc9f-47f0-4ee1-9e55-7d9893c3004e@guest.local,Vijay,bvijay9100@gmail.com,4.00,Tue Jun 30 2026 18:41:40 GMT+0530 (India Standard Time)
933c5caa-3538-4c52-b65d-f4b0168aaa9a,Home,Totalwater bill,705.00,Food,Tue Jun 30 2026 00:00:00 GMT+0530 (India Standard Time),EQUAL,Shailesh,guest_fdb08d74-1a0f-406f-ba40-57b3090b89e5@guest.local,Vijay,bvijay9100@gmail.com,141.00,Tue Jun 30 2026 18:34:18 GMT+0530 (India Standard Time)
1a5bfa66-6f7e-40e2-8078-4c120529a130,Home,Chass,80.00,Food,Tue Jun 30 2026 00:00:00 GMT+0530 (India Standard Time),EQUAL,Vijay,bvijay9100@gmail.com,Vijay,bvijay9100@gmail.com,16.00,Tue Jun 30 2026 18:42:17 GMT+0530 (India Standard Time)
ca2e4e5d-8a32-42dd-b7f1-63e3d4b7988c,Home,June gas bill,448.00,Bills,Tue Jun 30 2026 00:00:00 GMT+0530 (India Standard Time),EQUAL,Shailesh,guest_fdb08d74-1a0f-406f-ba40-57b3090b89e5@guest.local,Vijay,bvijay9100@gmail.com,89.60,Tue Jun 30 2026 18:34:45 GMT+0530 (India Standard Time)
dbaae301-8af0-4e59-b7fb-4c756154da9f,Home,Chass,20.00,Food,Mon Jun 29 2026 00:00:00 GMT+0530 (India Standard Time),EQUAL,Soumar,guest_6f4ec58b-c73b-4a8c-ac6a-b9d6b8eca9e9@guest.local,Fenil,guest_3f76f278-300d-40f1-8020-931d9d27557c@guest.local,4.00,Tue Jun 30 2026 18:41:57 GMT+0530 (India Standard Time)
dbaae301-8af0-4e59-b7fb-4c756154da9f,Home,Chass,20.00,Food,Mon Jun 29 2026 00:00:00 GMT+0530 (India Standard Time),EQUAL,Soumar,guest_6f4ec58b-c73b-4a8c-ac6a-b9d6b8eca9e9@guest.local,Mahipal,guest_d953bc9f-47f0-4ee1-9e55-7d9893c3004e@guest.local,4.00,Tue Jun 30 2026 18:41:57 GMT+0530 (India Standard Time)
dbaae301-8af0-4e59-b7fb-4c756154da9f,Home,Chass,20.00,Food,Mon Jun 29 2026 00:00:00 GMT+0530 (India Standard Time),EQUAL,Soumar,guest_6f4ec58b-c73b-4a8c-ac6a-b9d6b8eca9e9@guest.local,Shailesh,guest_fdb08d74-1a0f-406f-ba40-57b3090b89e5@guest.local,4.00,Tue Jun 30 2026 18:41:57 GMT+0530 (India Standard Time)
dbaae301-8af0-4e59-b7fb-4c756154da9f,Home,Chass,20.00,Food,Mon Jun 29 2026 00:00:00 GMT+0530 (India Standard Time),EQUAL,Soumar,guest_6f4ec58b-c73b-4a8c-ac6a-b9d6b8eca9e9@guest.local,Soumar,guest_6f4ec58b-c73b-4a8c-ac6a-b9d6b8eca9e9@guest.local,4.00,Tue Jun 30 2026 18:41:57 GMT+0530 (India Standard Time)
dbaae301-8af0-4e59-b7fb-4c756154da9f,Home,Chass,20.00,Food,Mon Jun 29 2026 00:00:00 GMT+0530 (India Standard Time),EQUAL,Soumar,guest_6f4ec58b-c73b-4a8c-ac6a-b9d6b8eca9e9@guest.local,Vijay,bvijay9100@gmail.com,4.00,Tue Jun 30 2026 18:41:57 GMT+0530 (India Standard Time)
57dd4b5f-36d6-4cd0-b331-0b5c224748ff,Home,Vegetables ,110.00,Shopping,Sun Jun 28 2026 00:00:00 GMT+0530 (India Standard Time),EQUAL,Shailesh,guest_fdb08d74-1a0f-406f-ba40-57b3090b89e5@guest.local,Fenil,guest_3f76f278-300d-40f1-8020-931d9d27557c@guest.local,22.00,Tue Jun 30 2026 18:47:49 GMT+0530 (India Standard Time)
57dd4b5f-36d6-4cd0-b331-0b5c224748ff,Home,Vegetables ,110.00,Shopping,Sun Jun 28 2026 00:00:00 GMT+0530 (India Standard Time),EQUAL,Shailesh,guest_fdb08d74-1a0f-406f-ba40-57b3090b89e5@guest.local,Mahipal,guest_d953bc9f-47f0-4ee1-9e55-7d9893c3004e@guest.local,22.00,Tue Jun 30 2026 18:47:49 GMT+0530 (India Standard Time)
57dd4b5f-36d6-4cd0-b331-0b5c224748ff,Home,Vegetables ,110.00,Shopping,Sun Jun 28 2026 00:00:00 GMT+0530 (India Standard Time),EQUAL,Shailesh,guest_fdb08d74-1a0f-406f-ba40-57b3090b89e5@guest.local,Shailesh,guest_fdb08d74-1a0f-406f-ba40-57b3090b89e5@guest.local,22.00,Tue Jun 30 2026 18:47:49 GMT+0530 (India Standard Time)
57dd4b5f-36d6-4cd0-b331-0b5c224748ff,Home,Vegetables ,110.00,Shopping,Sun Jun 28 2026 00:00:00 GMT+0530 (India Standard Time),EQUAL,Shailesh,guest_fdb08d74-1a0f-406f-ba40-57b3090b89e5@guest.local,Soumar,guest_6f4ec58b-c73b-4a8c-ac6a-b9d6b8eca9e9@guest.local,22.00,Tue Jun 30 2026 18:47:49 GMT+0530 (India Standard Time)
57dd4b5f-36d6-4cd0-b331-0b5c224748ff,Home,Vegetables ,110.00,Shopping,Sun Jun 28 2026 00:00:00 GMT+0530 (India Standard Time),EQUAL,Shailesh,guest_fdb08d74-1a0f-406f-ba40-57b3090b89e5@guest.local,Vijay,bvijay9100@gmail.com,22.00,Tue Jun 30 2026 18:47:49 GMT+0530 (India Standard Time)
46ddcd8f-f475-41c8-a0b9-9fa2625e5d43,Home,Milk,29.00,Food,Sun Jun 28 2026 00:00:00 GMT+0530 (India Standard Time),EQUAL,Shailesh,guest_fdb08d74-1a0f-406f-ba40-57b3090b89e5@guest.local,Vijay,bvijay9100@gmail.com,29.00,Tue Jun 30 2026 18:49:05 GMT+0530 (India Standard Time)
cf7a51db-51da-488c-9ee4-db83a7e3ba0c,Home,Grocery ,249.00,Shopping,Sat Jun 27 2026 00:00:00 GMT+0530 (India Standard Time),EQUAL,Vijay,bvijay9100@gmail.com,Fenil,guest_3f76f278-300d-40f1-8020-931d9d27557c@guest.local,49.80,Tue Jun 30 2026 18:47:29 GMT+0530 (India Standard Time)
cf7a51db-51da-488c-9ee4-db83a7e3ba0c,Home,Grocery ,249.00,Shopping,Sat Jun 27 2026 00:00:00 GMT+0530 (India Standard Time),EQUAL,Vijay,bvijay9100@gmail.com,Mahipal,guest_d953bc9f-47f0-4ee1-9e55-7d9893c3004e@guest.local,49.80,Tue Jun 30 2026 18:47:29 GMT+0530 (India Standard Time)
cf7a51db-51da-488c-9ee4-db83a7e3ba0c,Home,Grocery ,249.00,Shopping,Sat Jun 27 2026 00:00:00 GMT+0530 (India Standard Time),EQUAL,Vijay,bvijay9100@gmail.com,Shailesh,guest_fdb08d74-1a0f-406f-ba40-57b3090b89e5@guest.local,49.80,Tue Jun 30 2026 18:47:29 GMT+0530 (India Standard Time)
cf7a51db-51da-488c-9ee4-db83a7e3ba0c,Home,Grocery ,249.00,Shopping,Sat Jun 27 2026 00:00:00 GMT+0530 (India Standard Time),EQUAL,Vijay,bvijay9100@gmail.com,Soumar,guest_6f4ec58b-c73b-4a8c-ac6a-b9d6b8eca9e9@guest.local,49.80,Tue Jun 30 2026 18:47:29 GMT+0530 (India Standard Time)
18b0b2e0-d4b6-429e-ac15-6b28131654f6,Home,Debt,55.00,Bills,Sat Jun 27 2026 00:00:00 GMT+0530 (India Standard Time),EQUAL,Shailesh,guest_fdb08d74-1a0f-406f-ba40-57b3090b89e5@guest.local,Vijay,bvijay9100@gmail.com,55.00,Tue Jun 30 2026 18:50:20 GMT+0530 (India Standard Time)
cf7a51db-51da-488c-9ee4-db83a7e3ba0c,Home,Grocery ,249.00,Shopping,Sat Jun 27 2026 00:00:00 GMT+0530 (India Standard Time),EQUAL,Vijay,bvijay9100@gmail.com,Vijay,bvijay9100@gmail.com,49.80,Tue Jun 30 2026 18:47:29 GMT+0530 (India Standard Time)
f2d193e6-4597-4b9d-958a-b339b3b4fed0,Home,Vegetables ,165.00,Shopping,Fri Jun 26 2026 00:00:00 GMT+0530 (India Standard Time),EQUAL,Vijay,bvijay9100@gmail.com,Fenil,guest_3f76f278-300d-40f1-8020-931d9d27557c@guest.local,41.25,Tue Jun 30 2026 18:46:49 GMT+0530 (India Standard Time)
f2d193e6-4597-4b9d-958a-b339b3b4fed0,Home,Vegetables ,165.00,Shopping,Fri Jun 26 2026 00:00:00 GMT+0530 (India Standard Time),EQUAL,Vijay,bvijay9100@gmail.com,Shailesh,guest_fdb08d74-1a0f-406f-ba40-57b3090b89e5@guest.local,41.25,Tue Jun 30 2026 18:46:49 GMT+0530 (India Standard Time)
f2d193e6-4597-4b9d-958a-b339b3b4fed0,Home,Vegetables ,165.00,Shopping,Fri Jun 26 2026 00:00:00 GMT+0530 (India Standard Time),EQUAL,Vijay,bvijay9100@gmail.com,Soumar,guest_6f4ec58b-c73b-4a8c-ac6a-b9d6b8eca9e9@guest.local,41.25,Tue Jun 30 2026 18:46:49 GMT+0530 (India Standard Time)
f2d193e6-4597-4b9d-958a-b339b3b4fed0,Home,Vegetables ,165.00,Shopping,Fri Jun 26 2026 00:00:00 GMT+0530 (India Standard Time),EQUAL,Vijay,bvijay9100@gmail.com,Vijay,bvijay9100@gmail.com,41.25,Tue Jun 30 2026 18:46:49 GMT+0530 (India Standard Time)
eb588489-0b0d-4860-9b8f-977c0703eea9,Home,Vegetables ,165.00,Food,Thu Jun 25 2026 00:00:00 GMT+0530 (India Standard Time),EQUAL,Shailesh,guest_fdb08d74-1a0f-406f-ba40-57b3090b89e5@guest.local,Fenil,guest_3f76f278-300d-40f1-8020-931d9d27557c@guest.local,41.25,Tue Jun 30 2026 18:45:51 GMT+0530 (India Standard Time)
07b54bb5-a3ab-49c0-867e-76d89b9bbeb6,Home,Plate,35.00,Food,Thu Jun 25 2026 00:00:00 GMT+0530 (India Standard Time),EQUAL,Shailesh,guest_fdb08d74-1a0f-406f-ba40-57b3090b89e5@guest.local,Fenil,guest_3f76f278-300d-40f1-8020-931d9d27557c@guest.local,8.75,Tue Jun 30 2026 18:46:23 GMT+0530 (India Standard Time)
07b54bb5-a3ab-49c0-867e-76d89b9bbeb6,Home,Plate,35.00,Food,Thu Jun 25 2026 00:00:00 GMT+0530 (India Standard Time),EQUAL,Shailesh,guest_fdb08d74-1a0f-406f-ba40-57b3090b89e5@guest.local,Shailesh,guest_fdb08d74-1a0f-406f-ba40-57b3090b89e5@guest.local,8.75,Tue Jun 30 2026 18:46:23 GMT+0530 (India Standard Time)
eb588489-0b0d-4860-9b8f-977c0703eea9,Home,Vegetables ,165.00,Food,Thu Jun 25 2026 00:00:00 GMT+0530 (India Standard Time),EQUAL,Shailesh,guest_fdb08d74-1a0f-406f-ba40-57b3090b89e5@guest.local,Shailesh,guest_fdb08d74-1a0f-406f-ba40-57b3090b89e5@guest.local,41.25,Tue Jun 30 2026 18:45:51 GMT+0530 (India Standard Time)
eb588489-0b0d-4860-9b8f-977c0703eea9,Home,Vegetables ,165.00,Food,Thu Jun 25 2026 00:00:00 GMT+0530 (India Standard Time),EQUAL,Shailesh,guest_fdb08d74-1a0f-406f-ba40-57b3090b89e5@guest.local,Soumar,guest_6f4ec58b-c73b-4a8c-ac6a-b9d6b8eca9e9@guest.local,41.25,Tue Jun 30 2026 18:45:51 GMT+0530 (India Standard Time)
07b54bb5-a3ab-49c0-867e-76d89b9bbeb6,Home,Plate,35.00,Food,Thu Jun 25 2026 00:00:00 GMT+0530 (India Standard Time),EQUAL,Shailesh,guest_fdb08d74-1a0f-406f-ba40-57b3090b89e5@guest.local,Soumar,guest_6f4ec58b-c73b-4a8c-ac6a-b9d6b8eca9e9@guest.local,8.75,Tue Jun 30 2026 18:46:23 GMT+0530 (India Standard Time)
07b54bb5-a3ab-49c0-867e-76d89b9bbeb6,Home,Plate,35.00,Food,Thu Jun 25 2026 00:00:00 GMT+0530 (India Standard Time),EQUAL,Shailesh,guest_fdb08d74-1a0f-406f-ba40-57b3090b89e5@guest.local,Vijay,bvijay9100@gmail.com,8.75,Tue Jun 30 2026 18:46:23 GMT+0530 (India Standard Time)
faf2af39-9795-48a8-ae1c-36df9eb7cd4f,Home,"Milk, iron cloth, ",60.00,Bills,Thu Jun 25 2026 00:00:00 GMT+0530 (India Standard Time),EQUAL,Shailesh,guest_fdb08d74-1a0f-406f-ba40-57b3090b89e5@guest.local,Vijay,bvijay9100@gmail.com,60.00,Tue Jun 30 2026 18:49:50 GMT+0530 (India Standard Time)
eb588489-0b0d-4860-9b8f-977c0703eea9,Home,Vegetables ,165.00,Food,Thu Jun 25 2026 00:00:00 GMT+0530 (India Standard Time),EQUAL,Shailesh,guest_fdb08d74-1a0f-406f-ba40-57b3090b89e5@guest.local,Vijay,bvijay9100@gmail.com,41.25,Tue Jun 30 2026 18:45:51 GMT+0530 (India Standard Time)
f2e65901-e75e-4aa5-8d88-27bb86cafb7f,Home,Chass,30.00,Food,Tue Jun 23 2026 00:00:00 GMT+0530 (India Standard Time),EQUAL,Fenil,guest_3f76f278-300d-40f1-8020-931d9d27557c@guest.local,Fenil,guest_3f76f278-300d-40f1-8020-931d9d27557c@guest.local,6.00,Tue Jun 30 2026 18:41:19 GMT+0530 (India Standard Time)
839e24e2-179a-4c4e-b259-202dda6d4866,Home,Chass,40.00,Food,Tue Jun 23 2026 00:00:00 GMT+0530 (India Standard Time),EQUAL,Vijay,bvijay9100@gmail.com,Fenil,guest_3f76f278-300d-40f1-8020-931d9d27557c@guest.local,8.00,Tue Jun 30 2026 18:40:59 GMT+0530 (India Standard Time)
f2e65901-e75e-4aa5-8d88-27bb86cafb7f,Home,Chass,30.00,Food,Tue Jun 23 2026 00:00:00 GMT+0530 (India Standard Time),EQUAL,Fenil,guest_3f76f278-300d-40f1-8020-931d9d27557c@guest.local,Mahipal,guest_d953bc9f-47f0-4ee1-9e55-7d9893c3004e@guest.local,6.00,Tue Jun 30 2026 18:41:19 GMT+0530 (India Standard Time)
839e24e2-179a-4c4e-b259-202dda6d4866,Home,Chass,40.00,Food,Tue Jun 23 2026 00:00:00 GMT+0530 (India Standard Time),EQUAL,Vijay,bvijay9100@gmail.com,Mahipal,guest_d953bc9f-47f0-4ee1-9e55-7d9893c3004e@guest.local,8.00,Tue Jun 30 2026 18:40:59 GMT+0530 (India Standard Time)
839e24e2-179a-4c4e-b259-202dda6d4866,Home,Chass,40.00,Food,Tue Jun 23 2026 00:00:00 GMT+0530 (India Standard Time),EQUAL,Vijay,bvijay9100@gmail.com,Shailesh,guest_fdb08d74-1a0f-406f-ba40-57b3090b89e5@guest.local,8.00,Tue Jun 30 2026 18:40:59 GMT+0530 (India Standard Time)
f2e65901-e75e-4aa5-8d88-27bb86cafb7f,Home,Chass,30.00,Food,Tue Jun 23 2026 00:00:00 GMT+0530 (India Standard Time),EQUAL,Fenil,guest_3f76f278-300d-40f1-8020-931d9d27557c@guest.local,Shailesh,guest_fdb08d74-1a0f-406f-ba40-57b3090b89e5@guest.local,6.00,Tue Jun 30 2026 18:41:19 GMT+0530 (India Standard Time)
f2e65901-e75e-4aa5-8d88-27bb86cafb7f,Home,Chass,30.00,Food,Tue Jun 23 2026 00:00:00 GMT+0530 (India Standard Time),EQUAL,Fenil,guest_3f76f278-300d-40f1-8020-931d9d27557c@guest.local,Soumar,guest_6f4ec58b-c73b-4a8c-ac6a-b9d6b8eca9e9@guest.local,6.00,Tue Jun 30 2026 18:41:19 GMT+0530 (India Standard Time)
839e24e2-179a-4c4e-b259-202dda6d4866,Home,Chass,40.00,Food,Tue Jun 23 2026 00:00:00 GMT+0530 (India Standard Time),EQUAL,Vijay,bvijay9100@gmail.com,Soumar,guest_6f4ec58b-c73b-4a8c-ac6a-b9d6b8eca9e9@guest.local,8.00,Tue Jun 30 2026 18:40:59 GMT+0530 (India Standard Time)
839e24e2-179a-4c4e-b259-202dda6d4866,Home,Chass,40.00,Food,Tue Jun 23 2026 00:00:00 GMT+0530 (India Standard Time),EQUAL,Vijay,bvijay9100@gmail.com,Vijay,bvijay9100@gmail.com,8.00,Tue Jun 30 2026 18:40:59 GMT+0530 (India Standard Time)
f2e65901-e75e-4aa5-8d88-27bb86cafb7f,Home,Chass,30.00,Food,Tue Jun 23 2026 00:00:00 GMT+0530 (India Standard Time),EQUAL,Fenil,guest_3f76f278-300d-40f1-8020-931d9d27557c@guest.local,Vijay,bvijay9100@gmail.com,6.00,Tue Jun 30 2026 18:41:19 GMT+0530 (India Standard Time)
8eaf6e4f-8c4c-42c3-bbba-1a5c7e053f77,Home,Vegetables ,110.00,Food,Mon Jun 22 2026 00:00:00 GMT+0530 (India Standard Time),EQUAL,Shailesh,guest_fdb08d74-1a0f-406f-ba40-57b3090b89e5@guest.local,Fenil,guest_3f76f278-300d-40f1-8020-931d9d27557c@guest.local,22.00,Tue Jun 30 2026 18:39:38 GMT+0530 (India Standard Time)
47be6f13-2c37-4568-8a93-57ae6e8187f6,Home,Vegetables ,70.00,Food,Mon Jun 22 2026 00:00:00 GMT+0530 (India Standard Time),EQUAL,Shailesh,guest_fdb08d74-1a0f-406f-ba40-57b3090b89e5@guest.local,Fenil,guest_3f76f278-300d-40f1-8020-931d9d27557c@guest.local,14.00,Tue Jun 30 2026 18:39:17 GMT+0530 (India Standard Time)
3d3a7206-a883-482f-be1d-d4faa0cea6bb,Home,Chass,20.00,Food,Mon Jun 22 2026 00:00:00 GMT+0530 (India Standard Time),EQUAL,Shailesh,guest_fdb08d74-1a0f-406f-ba40-57b3090b89e5@guest.local,Fenil,guest_3f76f278-300d-40f1-8020-931d9d27557c@guest.local,4.00,Tue Jun 30 2026 18:40:43 GMT+0530 (India Standard Time)
47be6f13-2c37-4568-8a93-57ae6e8187f6,Home,Vegetables ,70.00,Food,Mon Jun 22 2026 00:00:00 GMT+0530 (India Standard Time),EQUAL,Shailesh,guest_fdb08d74-1a0f-406f-ba40-57b3090b89e5@guest.local,Mahipal,guest_d953bc9f-47f0-4ee1-9e55-7d9893c3004e@guest.local,14.00,Tue Jun 30 2026 18:39:17 GMT+0530 (India Standard Time)
3d3a7206-a883-482f-be1d-d4faa0cea6bb,Home,Chass,20.00,Food,Mon Jun 22 2026 00:00:00 GMT+0530 (India Standard Time),EQUAL,Shailesh,guest_fdb08d74-1a0f-406f-ba40-57b3090b89e5@guest.local,Mahipal,guest_d953bc9f-47f0-4ee1-9e55-7d9893c3004e@guest.local,4.00,Tue Jun 30 2026 18:40:43 GMT+0530 (India Standard Time)
8eaf6e4f-8c4c-42c3-bbba-1a5c7e053f77,Home,Vegetables ,110.00,Food,Mon Jun 22 2026 00:00:00 GMT+0530 (India Standard Time),EQUAL,Shailesh,guest_fdb08d74-1a0f-406f-ba40-57b3090b89e5@guest.local,Mahipal,guest_d953bc9f-47f0-4ee1-9e55-7d9893c3004e@guest.local,22.00,Tue Jun 30 2026 18:39:38 GMT+0530 (India Standard Time)
3d3a7206-a883-482f-be1d-d4faa0cea6bb,Home,Chass,20.00,Food,Mon Jun 22 2026 00:00:00 GMT+0530 (India Standard Time),EQUAL,Shailesh,guest_fdb08d74-1a0f-406f-ba40-57b3090b89e5@guest.local,Shailesh,guest_fdb08d74-1a0f-406f-ba40-57b3090b89e5@guest.local,4.00,Tue Jun 30 2026 18:40:43 GMT+0530 (India Standard Time)
47be6f13-2c37-4568-8a93-57ae6e8187f6,Home,Vegetables ,70.00,Food,Mon Jun 22 2026 00:00:00 GMT+0530 (India Standard Time),EQUAL,Shailesh,guest_fdb08d74-1a0f-406f-ba40-57b3090b89e5@guest.local,Shailesh,guest_fdb08d74-1a0f-406f-ba40-57b3090b89e5@guest.local,14.00,Tue Jun 30 2026 18:39:17 GMT+0530 (India Standard Time)
8eaf6e4f-8c4c-42c3-bbba-1a5c7e053f77,Home,Vegetables ,110.00,Food,Mon Jun 22 2026 00:00:00 GMT+0530 (India Standard Time),EQUAL,Shailesh,guest_fdb08d74-1a0f-406f-ba40-57b3090b89e5@guest.local,Shailesh,guest_fdb08d74-1a0f-406f-ba40-57b3090b89e5@guest.local,22.00,Tue Jun 30 2026 18:39:38 GMT+0530 (India Standard Time)
8eaf6e4f-8c4c-42c3-bbba-1a5c7e053f77,Home,Vegetables ,110.00,Food,Mon Jun 22 2026 00:00:00 GMT+0530 (India Standard Time),EQUAL,Shailesh,guest_fdb08d74-1a0f-406f-ba40-57b3090b89e5@guest.local,Soumar,guest_6f4ec58b-c73b-4a8c-ac6a-b9d6b8eca9e9@guest.local,22.00,Tue Jun 30 2026 18:39:38 GMT+0530 (India Standard Time)
3d3a7206-a883-482f-be1d-d4faa0cea6bb,Home,Chass,20.00,Food,Mon Jun 22 2026 00:00:00 GMT+0530 (India Standard Time),EQUAL,Shailesh,guest_fdb08d74-1a0f-406f-ba40-57b3090b89e5@guest.local,Soumar,guest_6f4ec58b-c73b-4a8c-ac6a-b9d6b8eca9e9@guest.local,4.00,Tue Jun 30 2026 18:40:43 GMT+0530 (India Standard Time)
47be6f13-2c37-4568-8a93-57ae6e8187f6,Home,Vegetables ,70.00,Food,Mon Jun 22 2026 00:00:00 GMT+0530 (India Standard Time),EQUAL,Shailesh,guest_fdb08d74-1a0f-406f-ba40-57b3090b89e5@guest.local,Soumar,guest_6f4ec58b-c73b-4a8c-ac6a-b9d6b8eca9e9@guest.local,14.00,Tue Jun 30 2026 18:39:17 GMT+0530 (India Standard Time)
8eaf6e4f-8c4c-42c3-bbba-1a5c7e053f77,Home,Vegetables ,110.00,Food,Mon Jun 22 2026 00:00:00 GMT+0530 (India Standard Time),EQUAL,Shailesh,guest_fdb08d74-1a0f-406f-ba40-57b3090b89e5@guest.local,Vijay,bvijay9100@gmail.com,22.00,Tue Jun 30 2026 18:39:38 GMT+0530 (India Standard Time)
3d3a7206-a883-482f-be1d-d4faa0cea6bb,Home,Chass,20.00,Food,Mon Jun 22 2026 00:00:00 GMT+0530 (India Standard Time),EQUAL,Shailesh,guest_fdb08d74-1a0f-406f-ba40-57b3090b89e5@guest.local,Vijay,bvijay9100@gmail.com,4.00,Tue Jun 30 2026 18:40:43 GMT+0530 (India Standard Time)
47be6f13-2c37-4568-8a93-57ae6e8187f6,Home,Vegetables ,70.00,Food,Mon Jun 22 2026 00:00:00 GMT+0530 (India Standard Time),EQUAL,Shailesh,guest_fdb08d74-1a0f-406f-ba40-57b3090b89e5@guest.local,Vijay,bvijay9100@gmail.com,14.00,Tue Jun 30 2026 18:39:17 GMT+0530 (India Standard Time)
adc64f65-7192-4b95-a98d-c2ecbc814208,Home,Instamart vegetable ,110.00,Food,Sat Jun 20 2026 00:00:00 GMT+0530 (India Standard Time),EQUAL,Shailesh,guest_fdb08d74-1a0f-406f-ba40-57b3090b89e5@guest.local,Fenil,guest_3f76f278-300d-40f1-8020-931d9d27557c@guest.local,22.00,Tue Jun 30 2026 18:38:15 GMT+0530 (India Standard Time)
bc8512f7-6d4a-48a4-aed6-d477bc19f2d1,Home,Mirror,150.00,Food,Sat Jun 20 2026 00:00:00 GMT+0530 (India Standard Time),EQUAL,Vijay,bvijay9100@gmail.com,Fenil,guest_3f76f278-300d-40f1-8020-931d9d27557c@guest.local,30.00,Tue Jun 30 2026 18:38:33 GMT+0530 (India Standard Time)
f5ca2def-867d-495b-801a-457099279c8e,Home,Plumbing work ,300.00,Food,Sat Jun 20 2026 00:00:00 GMT+0530 (India Standard Time),EQUAL,Mahipal,guest_d953bc9f-47f0-4ee1-9e55-7d9893c3004e@guest.local,Fenil,guest_3f76f278-300d-40f1-8020-931d9d27557c@guest.local,60.00,Tue Jun 30 2026 18:38:54 GMT+0530 (India Standard Time)
adc64f65-7192-4b95-a98d-c2ecbc814208,Home,Instamart vegetable ,110.00,Food,Sat Jun 20 2026 00:00:00 GMT+0530 (India Standard Time),EQUAL,Shailesh,guest_fdb08d74-1a0f-406f-ba40-57b3090b89e5@guest.local,Mahipal,guest_d953bc9f-47f0-4ee1-9e55-7d9893c3004e@guest.local,22.00,Tue Jun 30 2026 18:38:15 GMT+0530 (India Standard Time)
f5ca2def-867d-495b-801a-457099279c8e,Home,Plumbing work ,300.00,Food,Sat Jun 20 2026 00:00:00 GMT+0530 (India Standard Time),EQUAL,Mahipal,guest_d953bc9f-47f0-4ee1-9e55-7d9893c3004e@guest.local,Mahipal,guest_d953bc9f-47f0-4ee1-9e55-7d9893c3004e@guest.local,60.00,Tue Jun 30 2026 18:38:54 GMT+0530 (India Standard Time)
bc8512f7-6d4a-48a4-aed6-d477bc19f2d1,Home,Mirror,150.00,Food,Sat Jun 20 2026 00:00:00 GMT+0530 (India Standard Time),EQUAL,Vijay,bvijay9100@gmail.com,Mahipal,guest_d953bc9f-47f0-4ee1-9e55-7d9893c3004e@guest.local,30.00,Tue Jun 30 2026 18:38:33 GMT+0530 (India Standard Time)
bc8512f7-6d4a-48a4-aed6-d477bc19f2d1,Home,Mirror,150.00,Food,Sat Jun 20 2026 00:00:00 GMT+0530 (India Standard Time),EQUAL,Vijay,bvijay9100@gmail.com,Shailesh,guest_fdb08d74-1a0f-406f-ba40-57b3090b89e5@guest.local,30.00,Tue Jun 30 2026 18:38:33 GMT+0530 (India Standard Time)
adc64f65-7192-4b95-a98d-c2ecbc814208,Home,Instamart vegetable ,110.00,Food,Sat Jun 20 2026 00:00:00 GMT+0530 (India Standard Time),EQUAL,Shailesh,guest_fdb08d74-1a0f-406f-ba40-57b3090b89e5@guest.local,Shailesh,guest_fdb08d74-1a0f-406f-ba40-57b3090b89e5@guest.local,22.00,Tue Jun 30 2026 18:38:15 GMT+0530 (India Standard Time)
f5ca2def-867d-495b-801a-457099279c8e,Home,Plumbing work ,300.00,Food,Sat Jun 20 2026 00:00:00 GMT+0530 (India Standard Time),EQUAL,Mahipal,guest_d953bc9f-47f0-4ee1-9e55-7d9893c3004e@guest.local,Shailesh,guest_fdb08d74-1a0f-406f-ba40-57b3090b89e5@guest.local,60.00,Tue Jun 30 2026 18:38:54 GMT+0530 (India Standard Time)
adc64f65-7192-4b95-a98d-c2ecbc814208,Home,Instamart vegetable ,110.00,Food,Sat Jun 20 2026 00:00:00 GMT+0530 (India Standard Time),EQUAL,Shailesh,guest_fdb08d74-1a0f-406f-ba40-57b3090b89e5@guest.local,Soumar,guest_6f4ec58b-c73b-4a8c-ac6a-b9d6b8eca9e9@guest.local,22.00,Tue Jun 30 2026 18:38:15 GMT+0530 (India Standard Time)
f5ca2def-867d-495b-801a-457099279c8e,Home,Plumbing work ,300.00,Food,Sat Jun 20 2026 00:00:00 GMT+0530 (India Standard Time),EQUAL,Mahipal,guest_d953bc9f-47f0-4ee1-9e55-7d9893c3004e@guest.local,Soumar,guest_6f4ec58b-c73b-4a8c-ac6a-b9d6b8eca9e9@guest.local,60.00,Tue Jun 30 2026 18:38:54 GMT+0530 (India Standard Time)
bc8512f7-6d4a-48a4-aed6-d477bc19f2d1,Home,Mirror,150.00,Food,Sat Jun 20 2026 00:00:00 GMT+0530 (India Standard Time),EQUAL,Vijay,bvijay9100@gmail.com,Soumar,guest_6f4ec58b-c73b-4a8c-ac6a-b9d6b8eca9e9@guest.local,30.00,Tue Jun 30 2026 18:38:33 GMT+0530 (India Standard Time)
bc8512f7-6d4a-48a4-aed6-d477bc19f2d1,Home,Mirror,150.00,Food,Sat Jun 20 2026 00:00:00 GMT+0530 (India Standard Time),EQUAL,Vijay,bvijay9100@gmail.com,Vijay,bvijay9100@gmail.com,30.00,Tue Jun 30 2026 18:38:33 GMT+0530 (India Standard Time)
f5ca2def-867d-495b-801a-457099279c8e,Home,Plumbing work ,300.00,Food,Sat Jun 20 2026 00:00:00 GMT+0530 (India Standard Time),EQUAL,Mahipal,guest_d953bc9f-47f0-4ee1-9e55-7d9893c3004e@guest.local,Vijay,bvijay9100@gmail.com,60.00,Tue Jun 30 2026 18:38:54 GMT+0530 (India Standard Time)
adc64f65-7192-4b95-a98d-c2ecbc814208,Home,Instamart vegetable ,110.00,Food,Sat Jun 20 2026 00:00:00 GMT+0530 (India Standard Time),EQUAL,Shailesh,guest_fdb08d74-1a0f-406f-ba40-57b3090b89e5@guest.local,Vijay,bvijay9100@gmail.com,22.00,Tue Jun 30 2026 18:38:15 GMT+0530 (India Standard Time)
1a6dd9a8-c287-47cd-91d3-709045bd902f,Home,Vegetables,120.00,Shopping,Fri Jun 19 2026 00:00:00 GMT+0530 (India Standard Time),EQUAL,Vijay,bvijay9100@gmail.com,Fenil,guest_3f76f278-300d-40f1-8020-931d9d27557c@guest.local,24.00,Tue Jun 30 2026 18:37:17 GMT+0530 (India Standard Time)
1a6dd9a8-c287-47cd-91d3-709045bd902f,Home,Vegetables,120.00,Shopping,Fri Jun 19 2026 00:00:00 GMT+0530 (India Standard Time),EQUAL,Vijay,bvijay9100@gmail.com,Mahipal,guest_d953bc9f-47f0-4ee1-9e55-7d9893c3004e@guest.local,24.00,Tue Jun 30 2026 18:37:17 GMT+0530 (India Standard Time)
1a6dd9a8-c287-47cd-91d3-709045bd902f,Home,Vegetables,120.00,Shopping,Fri Jun 19 2026 00:00:00 GMT+0530 (India Standard Time),EQUAL,Vijay,bvijay9100@gmail.com,Shailesh,guest_fdb08d74-1a0f-406f-ba40-57b3090b89e5@guest.local,24.00,Tue Jun 30 2026 18:37:17 GMT+0530 (India Standard Time)
1a6dd9a8-c287-47cd-91d3-709045bd902f,Home,Vegetables,120.00,Shopping,Fri Jun 19 2026 00:00:00 GMT+0530 (India Standard Time),EQUAL,Vijay,bvijay9100@gmail.com,Soumar,guest_6f4ec58b-c73b-4a8c-ac6a-b9d6b8eca9e9@guest.local,24.00,Tue Jun 30 2026 18:37:17 GMT+0530 (India Standard Time)
1a6dd9a8-c287-47cd-91d3-709045bd902f,Home,Vegetables,120.00,Shopping,Fri Jun 19 2026 00:00:00 GMT+0530 (India Standard Time),EQUAL,Vijay,bvijay9100@gmail.com,Vijay,bvijay9100@gmail.com,24.00,Tue Jun 30 2026 18:37:17 GMT+0530 (India Standard Time)
7fd5af58-76f3-4aca-aad7-f3f140048e2c,Homiesss,Chass,20.00,Food,Tue Jun 16 2026 00:00:00 GMT+0530 (India Standard Time),EQUAL,Mahipal,guest_e629e5eb-12c7-4bf3-bbed-348bd977bfd7@guest.local,Fenil,guest_25b88d61-687e-435b-8ecf-80e0a24dd914@guest.local,10.00,Thu Jun 18 2026 15:09:04 GMT+0530 (India Standard Time)
14e6925d-b383-42d3-b86e-fcd4d0bb56e7,Homiesss,Chass,40.00,Food,Tue Jun 16 2026 00:00:00 GMT+0530 (India Standard Time),EQUAL,Vijay,bvijay9100@gmail.com,Fenil,guest_25b88d61-687e-435b-8ecf-80e0a24dd914@guest.local,8.00,Thu Jun 18 2026 15:09:42 GMT+0530 (India Standard Time)
14e6925d-b383-42d3-b86e-fcd4d0bb56e7,Homiesss,Chass,40.00,Food,Tue Jun 16 2026 00:00:00 GMT+0530 (India Standard Time),EQUAL,Vijay,bvijay9100@gmail.com,Mahipal,guest_e629e5eb-12c7-4bf3-bbed-348bd977bfd7@guest.local,8.00,Thu Jun 18 2026 15:09:42 GMT+0530 (India Standard Time)
7fd5af58-76f3-4aca-aad7-f3f140048e2c,Homiesss,Chass,20.00,Food,Tue Jun 16 2026 00:00:00 GMT+0530 (India Standard Time),EQUAL,Mahipal,guest_e629e5eb-12c7-4bf3-bbed-348bd977bfd7@guest.local,Mahipal,guest_e629e5eb-12c7-4bf3-bbed-348bd977bfd7@guest.local,10.00,Thu Jun 18 2026 15:09:04 GMT+0530 (India Standard Time)
14e6925d-b383-42d3-b86e-fcd4d0bb56e7,Homiesss,Chass,40.00,Food,Tue Jun 16 2026 00:00:00 GMT+0530 (India Standard Time),EQUAL,Vijay,bvijay9100@gmail.com,Shailesh,guest_4add01af-ab2b-4ebd-81f9-039ab551646e@guest.local,8.00,Thu Jun 18 2026 15:09:42 GMT+0530 (India Standard Time)
14e6925d-b383-42d3-b86e-fcd4d0bb56e7,Homiesss,Chass,40.00,Food,Tue Jun 16 2026 00:00:00 GMT+0530 (India Standard Time),EQUAL,Vijay,bvijay9100@gmail.com,Soumar,guest_d703b606-adaf-4800-af5b-0c231074777d@guest.local,8.00,Thu Jun 18 2026 15:09:42 GMT+0530 (India Standard Time)
14e6925d-b383-42d3-b86e-fcd4d0bb56e7,Homiesss,Chass,40.00,Food,Tue Jun 16 2026 00:00:00 GMT+0530 (India Standard Time),EQUAL,Vijay,bvijay9100@gmail.com,Vijay,bvijay9100@gmail.com,8.00,Thu Jun 18 2026 15:09:42 GMT+0530 (India Standard Time)
5a16b4f6-863c-4e2b-b9fa-997d7b7cbab5,Homiesss,Chass,40.00,Food,Mon Jun 15 2026 00:00:00 GMT+0530 (India Standard Time),EQUAL,Vijay,bvijay9100@gmail.com,Mahipal,guest_e629e5eb-12c7-4bf3-bbed-348bd977bfd7@guest.local,10.00,Thu Jun 18 2026 15:08:25 GMT+0530 (India Standard Time)
5a16b4f6-863c-4e2b-b9fa-997d7b7cbab5,Homiesss,Chass,40.00,Food,Mon Jun 15 2026 00:00:00 GMT+0530 (India Standard Time),EQUAL,Vijay,bvijay9100@gmail.com,Shailesh,guest_4add01af-ab2b-4ebd-81f9-039ab551646e@guest.local,10.00,Thu Jun 18 2026 15:08:25 GMT+0530 (India Standard Time)
5a16b4f6-863c-4e2b-b9fa-997d7b7cbab5,Homiesss,Chass,40.00,Food,Mon Jun 15 2026 00:00:00 GMT+0530 (India Standard Time),EQUAL,Vijay,bvijay9100@gmail.com,Soumar,guest_d703b606-adaf-4800-af5b-0c231074777d@guest.local,10.00,Thu Jun 18 2026 15:08:25 GMT+0530 (India Standard Time)
5a16b4f6-863c-4e2b-b9fa-997d7b7cbab5,Homiesss,Chass,40.00,Food,Mon Jun 15 2026 00:00:00 GMT+0530 (India Standard Time),EQUAL,Vijay,bvijay9100@gmail.com,Vijay,bvijay9100@gmail.com,10.00,Thu Jun 18 2026 15:08:25 GMT+0530 (India Standard Time)
494069d5-5e20-4ae6-825e-14894626fa3e,Homiesss,Chass,40.00,Food,Thu Jun 11 2026 00:00:00 GMT+0530 (India Standard Time),EQUAL,Mahipal,guest_e629e5eb-12c7-4bf3-bbed-348bd977bfd7@guest.local,Mahipal,guest_e629e5eb-12c7-4bf3-bbed-348bd977bfd7@guest.local,10.00,Thu Jun 18 2026 15:07:49 GMT+0530 (India Standard Time)
494069d5-5e20-4ae6-825e-14894626fa3e,Homiesss,Chass,40.00,Food,Thu Jun 11 2026 00:00:00 GMT+0530 (India Standard Time),EQUAL,Mahipal,guest_e629e5eb-12c7-4bf3-bbed-348bd977bfd7@guest.local,Shailesh,guest_4add01af-ab2b-4ebd-81f9-039ab551646e@guest.local,10.00,Thu Jun 18 2026 15:07:49 GMT+0530 (India Standard Time)
494069d5-5e20-4ae6-825e-14894626fa3e,Homiesss,Chass,40.00,Food,Thu Jun 11 2026 00:00:00 GMT+0530 (India Standard Time),EQUAL,Mahipal,guest_e629e5eb-12c7-4bf3-bbed-348bd977bfd7@guest.local,Soumar,guest_d703b606-adaf-4800-af5b-0c231074777d@guest.local,10.00,Thu Jun 18 2026 15:07:49 GMT+0530 (India Standard Time)
494069d5-5e20-4ae6-825e-14894626fa3e,Homiesss,Chass,40.00,Food,Thu Jun 11 2026 00:00:00 GMT+0530 (India Standard Time),EQUAL,Mahipal,guest_e629e5eb-12c7-4bf3-bbed-348bd977bfd7@guest.local,Vijay,bvijay9100@gmail.com,10.00,Thu Jun 18 2026 15:07:49 GMT+0530 (India Standard Time)
5ad7efb2-6855-4b32-93c7-3da5877875d0,Homiesss,Chass,30.00,Food,Tue Jun 09 2026 00:00:00 GMT+0530 (India Standard Time),EQUAL,Mahipal,guest_e629e5eb-12c7-4bf3-bbed-348bd977bfd7@guest.local,Fenil,guest_25b88d61-687e-435b-8ecf-80e0a24dd914@guest.local,15.00,Thu Jun 18 2026 15:07:22 GMT+0530 (India Standard Time)
668b8943-39f6-4b23-8272-46dc9d74ca74,Homiesss,Chass,30.00,Food,Tue Jun 09 2026 00:00:00 GMT+0530 (India Standard Time),EQUAL,Mahipal,guest_e629e5eb-12c7-4bf3-bbed-348bd977bfd7@guest.local,Fenil,guest_25b88d61-687e-435b-8ecf-80e0a24dd914@guest.local,6.00,Thu Jun 18 2026 15:03:48 GMT+0530 (India Standard Time)
668b8943-39f6-4b23-8272-46dc9d74ca74,Homiesss,Chass,30.00,Food,Tue Jun 09 2026 00:00:00 GMT+0530 (India Standard Time),EQUAL,Mahipal,guest_e629e5eb-12c7-4bf3-bbed-348bd977bfd7@guest.local,Mahipal,guest_e629e5eb-12c7-4bf3-bbed-348bd977bfd7@guest.local,6.00,Thu Jun 18 2026 15:03:48 GMT+0530 (India Standard Time)
5ad7efb2-6855-4b32-93c7-3da5877875d0,Homiesss,Chass,30.00,Food,Tue Jun 09 2026 00:00:00 GMT+0530 (India Standard Time),EQUAL,Mahipal,guest_e629e5eb-12c7-4bf3-bbed-348bd977bfd7@guest.local,Mahipal,guest_e629e5eb-12c7-4bf3-bbed-348bd977bfd7@guest.local,15.00,Thu Jun 18 2026 15:07:22 GMT+0530 (India Standard Time)
016561c9-db47-435c-9066-d9d3c3693662,Homiesss,Dahi,10.00,Food,Tue Jun 09 2026 00:00:00 GMT+0530 (India Standard Time),EQUAL,Mahipal,guest_e629e5eb-12c7-4bf3-bbed-348bd977bfd7@guest.local,Shailesh,guest_4add01af-ab2b-4ebd-81f9-039ab551646e@guest.local,10.00,Thu Jun 18 2026 15:11:38 GMT+0530 (India Standard Time)
668b8943-39f6-4b23-8272-46dc9d74ca74,Homiesss,Chass,30.00,Food,Tue Jun 09 2026 00:00:00 GMT+0530 (India Standard Time),EQUAL,Mahipal,guest_e629e5eb-12c7-4bf3-bbed-348bd977bfd7@guest.local,Shailesh,guest_4add01af-ab2b-4ebd-81f9-039ab551646e@guest.local,6.00,Thu Jun 18 2026 15:03:48 GMT+0530 (India Standard Time)
5d8daee2-1e2d-47b4-be7e-31323a9cd3d7,Homiesss,Dahi ,10.00,Food,Tue Jun 09 2026 00:00:00 GMT+0530 (India Standard Time),EQUAL,Mahipal,guest_e629e5eb-12c7-4bf3-bbed-348bd977bfd7@guest.local,Soumar,guest_d703b606-adaf-4800-af5b-0c231074777d@guest.local,10.00,Thu Jun 18 2026 15:11:15 GMT+0530 (India Standard Time)
668b8943-39f6-4b23-8272-46dc9d74ca74,Homiesss,Chass,30.00,Food,Tue Jun 09 2026 00:00:00 GMT+0530 (India Standard Time),EQUAL,Mahipal,guest_e629e5eb-12c7-4bf3-bbed-348bd977bfd7@guest.local,Soumar,guest_d703b606-adaf-4800-af5b-0c231074777d@guest.local,6.00,Thu Jun 18 2026 15:03:48 GMT+0530 (India Standard Time)
668b8943-39f6-4b23-8272-46dc9d74ca74,Homiesss,Chass,30.00,Food,Tue Jun 09 2026 00:00:00 GMT+0530 (India Standard Time),EQUAL,Mahipal,guest_e629e5eb-12c7-4bf3-bbed-348bd977bfd7@guest.local,Vijay,bvijay9100@gmail.com,6.00,Thu Jun 18 2026 15:03:48 GMT+0530 (India Standard Time)
202139e7-3625-44dc-9310-d2ab747416a9,Homiesss,Chass,30.00,Food,Mon Jun 08 2026 00:00:00 GMT+0530 (India Standard Time),EQUAL,Mahipal,guest_e629e5eb-12c7-4bf3-bbed-348bd977bfd7@guest.local,Fenil,guest_25b88d61-687e-435b-8ecf-80e0a24dd914@guest.local,6.00,Thu Jun 18 2026 15:03:27 GMT+0530 (India Standard Time)
202139e7-3625-44dc-9310-d2ab747416a9,Homiesss,Chass,30.00,Food,Mon Jun 08 2026 00:00:00 GMT+0530 (India Standard Time),EQUAL,Mahipal,guest_e629e5eb-12c7-4bf3-bbed-348bd977bfd7@guest.local,Mahipal,guest_e629e5eb-12c7-4bf3-bbed-348bd977bfd7@guest.local,6.00,Thu Jun 18 2026 15:03:27 GMT+0530 (India Standard Time)
202139e7-3625-44dc-9310-d2ab747416a9,Homiesss,Chass,30.00,Food,Mon Jun 08 2026 00:00:00 GMT+0530 (India Standard Time),EQUAL,Mahipal,guest_e629e5eb-12c7-4bf3-bbed-348bd977bfd7@guest.local,Shailesh,guest_4add01af-ab2b-4ebd-81f9-039ab551646e@guest.local,6.00,Thu Jun 18 2026 15:03:27 GMT+0530 (India Standard Time)
202139e7-3625-44dc-9310-d2ab747416a9,Homiesss,Chass,30.00,Food,Mon Jun 08 2026 00:00:00 GMT+0530 (India Standard Time),EQUAL,Mahipal,guest_e629e5eb-12c7-4bf3-bbed-348bd977bfd7@guest.local,Soumar,guest_d703b606-adaf-4800-af5b-0c231074777d@guest.local,6.00,Thu Jun 18 2026 15:03:27 GMT+0530 (India Standard Time)
202139e7-3625-44dc-9310-d2ab747416a9,Homiesss,Chass,30.00,Food,Mon Jun 08 2026 00:00:00 GMT+0530 (India Standard Time),EQUAL,Mahipal,guest_e629e5eb-12c7-4bf3-bbed-348bd977bfd7@guest.local,Vijay,bvijay9100@gmail.com,6.00,Thu Jun 18 2026 15:03:27 GMT+0530 (India Standard Time)
337abc4e-aaba-465a-b742-517643a94b08,Homiesss,Chass,30.00,Food,Sun Jun 07 2026 00:00:00 GMT+0530 (India Standard Time),EQUAL,Fenil,guest_25b88d61-687e-435b-8ecf-80e0a24dd914@guest.local,Fenil,guest_25b88d61-687e-435b-8ecf-80e0a24dd914@guest.local,6.00,Thu Jun 18 2026 15:02:29 GMT+0530 (India Standard Time)
337abc4e-aaba-465a-b742-517643a94b08,Homiesss,Chass,30.00,Food,Sun Jun 07 2026 00:00:00 GMT+0530 (India Standard Time),EQUAL,Fenil,guest_25b88d61-687e-435b-8ecf-80e0a24dd914@guest.local,Mahipal,guest_e629e5eb-12c7-4bf3-bbed-348bd977bfd7@guest.local,6.00,Thu Jun 18 2026 15:02:29 GMT+0530 (India Standard Time)
337abc4e-aaba-465a-b742-517643a94b08,Homiesss,Chass,30.00,Food,Sun Jun 07 2026 00:00:00 GMT+0530 (India Standard Time),EQUAL,Fenil,guest_25b88d61-687e-435b-8ecf-80e0a24dd914@guest.local,Shailesh,guest_4add01af-ab2b-4ebd-81f9-039ab551646e@guest.local,6.00,Thu Jun 18 2026 15:02:29 GMT+0530 (India Standard Time)
337abc4e-aaba-465a-b742-517643a94b08,Homiesss,Chass,30.00,Food,Sun Jun 07 2026 00:00:00 GMT+0530 (India Standard Time),EQUAL,Fenil,guest_25b88d61-687e-435b-8ecf-80e0a24dd914@guest.local,Soumar,guest_d703b606-adaf-4800-af5b-0c231074777d@guest.local,6.00,Thu Jun 18 2026 15:02:29 GMT+0530 (India Standard Time)
337abc4e-aaba-465a-b742-517643a94b08,Homiesss,Chass,30.00,Food,Sun Jun 07 2026 00:00:00 GMT+0530 (India Standard Time),EQUAL,Fenil,guest_25b88d61-687e-435b-8ecf-80e0a24dd914@guest.local,Vijay,bvijay9100@gmail.com,6.00,Thu Jun 18 2026 15:02:29 GMT+0530 (India Standard Time)
3d973efb-0516-441c-a387-e8f4757b09f4,Homiesss,Chass,30.00,Food,Thu Jun 04 2026 00:00:00 GMT+0530 (India Standard Time),EQUAL,Soumar,guest_d703b606-adaf-4800-af5b-0c231074777d@guest.local,Fenil,guest_25b88d61-687e-435b-8ecf-80e0a24dd914@guest.local,6.00,Thu Jun 18 2026 15:02:11 GMT+0530 (India Standard Time)
3d973efb-0516-441c-a387-e8f4757b09f4,Homiesss,Chass,30.00,Food,Thu Jun 04 2026 00:00:00 GMT+0530 (India Standard Time),EQUAL,Soumar,guest_d703b606-adaf-4800-af5b-0c231074777d@guest.local,Mahipal,guest_e629e5eb-12c7-4bf3-bbed-348bd977bfd7@guest.local,6.00,Thu Jun 18 2026 15:02:11 GMT+0530 (India Standard Time)
3d973efb-0516-441c-a387-e8f4757b09f4,Homiesss,Chass,30.00,Food,Thu Jun 04 2026 00:00:00 GMT+0530 (India Standard Time),EQUAL,Soumar,guest_d703b606-adaf-4800-af5b-0c231074777d@guest.local,Shailesh,guest_4add01af-ab2b-4ebd-81f9-039ab551646e@guest.local,6.00,Thu Jun 18 2026 15:02:11 GMT+0530 (India Standard Time)
3d973efb-0516-441c-a387-e8f4757b09f4,Homiesss,Chass,30.00,Food,Thu Jun 04 2026 00:00:00 GMT+0530 (India Standard Time),EQUAL,Soumar,guest_d703b606-adaf-4800-af5b-0c231074777d@guest.local,Soumar,guest_d703b606-adaf-4800-af5b-0c231074777d@guest.local,6.00,Thu Jun 18 2026 15:02:11 GMT+0530 (India Standard Time)
3d973efb-0516-441c-a387-e8f4757b09f4,Homiesss,Chass,30.00,Food,Thu Jun 04 2026 00:00:00 GMT+0530 (India Standard Time),EQUAL,Soumar,guest_d703b606-adaf-4800-af5b-0c231074777d@guest.local,Vijay,bvijay9100@gmail.com,6.00,Thu Jun 18 2026 15:02:11 GMT+0530 (India Standard Time)
8c881630-f0bf-48a2-9431-372df091f8cd,Homiesss,Chas,30.00,Food,Wed Jun 03 2026 00:00:00 GMT+0530 (India Standard Time),EQUAL,Shailesh,guest_4add01af-ab2b-4ebd-81f9-039ab551646e@guest.local,Fenil,guest_25b88d61-687e-435b-8ecf-80e0a24dd914@guest.local,6.00,Thu Jun 18 2026 15:01:47 GMT+0530 (India Standard Time)
8c881630-f0bf-48a2-9431-372df091f8cd,Homiesss,Chas,30.00,Food,Wed Jun 03 2026 00:00:00 GMT+0530 (India Standard Time),EQUAL,Shailesh,guest_4add01af-ab2b-4ebd-81f9-039ab551646e@guest.local,Mahipal,guest_e629e5eb-12c7-4bf3-bbed-348bd977bfd7@guest.local,6.00,Thu Jun 18 2026 15:01:47 GMT+0530 (India Standard Time)
8c881630-f0bf-48a2-9431-372df091f8cd,Homiesss,Chas,30.00,Food,Wed Jun 03 2026 00:00:00 GMT+0530 (India Standard Time),EQUAL,Shailesh,guest_4add01af-ab2b-4ebd-81f9-039ab551646e@guest.local,Shailesh,guest_4add01af-ab2b-4ebd-81f9-039ab551646e@guest.local,6.00,Thu Jun 18 2026 15:01:47 GMT+0530 (India Standard Time)
8c881630-f0bf-48a2-9431-372df091f8cd,Homiesss,Chas,30.00,Food,Wed Jun 03 2026 00:00:00 GMT+0530 (India Standard Time),EQUAL,Shailesh,guest_4add01af-ab2b-4ebd-81f9-039ab551646e@guest.local,Soumar,guest_d703b606-adaf-4800-af5b-0c231074777d@guest.local,6.00,Thu Jun 18 2026 15:01:47 GMT+0530 (India Standard Time)
8c881630-f0bf-48a2-9431-372df091f8cd,Homiesss,Chas,30.00,Food,Wed Jun 03 2026 00:00:00 GMT+0530 (India Standard Time),EQUAL,Shailesh,guest_4add01af-ab2b-4ebd-81f9-039ab551646e@guest.local,Vijay,bvijay9100@gmail.com,6.00,Thu Jun 18 2026 15:01:47 GMT+0530 (India Standard Time)
2c6bb99e-217b-452a-9bc3-a69397a05b08,Homiesss,Milk,62.00,Food,Tue Jun 02 2026 00:00:00 GMT+0530 (India Standard Time),EQUAL,Mahipal,guest_e629e5eb-12c7-4bf3-bbed-348bd977bfd7@guest.local,Fenil,guest_25b88d61-687e-435b-8ecf-80e0a24dd914@guest.local,12.40,Thu Jun 18 2026 15:01:01 GMT+0530 (India Standard Time)
662d2d2c-6110-435f-ad4a-bea702ce6139,Homiesss,Chass,30.00,Food,Tue Jun 02 2026 00:00:00 GMT+0530 (India Standard Time),EQUAL,Mahipal,guest_e629e5eb-12c7-4bf3-bbed-348bd977bfd7@guest.local,Fenil,guest_25b88d61-687e-435b-8ecf-80e0a24dd914@guest.local,6.00,Thu Jun 18 2026 15:00:21 GMT+0530 (India Standard Time)
2c6bb99e-217b-452a-9bc3-a69397a05b08,Homiesss,Milk,62.00,Food,Tue Jun 02 2026 00:00:00 GMT+0530 (India Standard Time),EQUAL,Mahipal,guest_e629e5eb-12c7-4bf3-bbed-348bd977bfd7@guest.local,Mahipal,guest_e629e5eb-12c7-4bf3-bbed-348bd977bfd7@guest.local,12.40,Thu Jun 18 2026 15:01:01 GMT+0530 (India Standard Time)
662d2d2c-6110-435f-ad4a-bea702ce6139,Homiesss,Chass,30.00,Food,Tue Jun 02 2026 00:00:00 GMT+0530 (India Standard Time),EQUAL,Mahipal,guest_e629e5eb-12c7-4bf3-bbed-348bd977bfd7@guest.local,Mahipal,guest_e629e5eb-12c7-4bf3-bbed-348bd977bfd7@guest.local,6.00,Thu Jun 18 2026 15:00:21 GMT+0530 (India Standard Time)
2c6bb99e-217b-452a-9bc3-a69397a05b08,Homiesss,Milk,62.00,Food,Tue Jun 02 2026 00:00:00 GMT+0530 (India Standard Time),EQUAL,Mahipal,guest_e629e5eb-12c7-4bf3-bbed-348bd977bfd7@guest.local,Shailesh,guest_4add01af-ab2b-4ebd-81f9-039ab551646e@guest.local,12.40,Thu Jun 18 2026 15:01:01 GMT+0530 (India Standard Time)
662d2d2c-6110-435f-ad4a-bea702ce6139,Homiesss,Chass,30.00,Food,Tue Jun 02 2026 00:00:00 GMT+0530 (India Standard Time),EQUAL,Mahipal,guest_e629e5eb-12c7-4bf3-bbed-348bd977bfd7@guest.local,Shailesh,guest_4add01af-ab2b-4ebd-81f9-039ab551646e@guest.local,6.00,Thu Jun 18 2026 15:00:21 GMT+0530 (India Standard Time)
2c6bb99e-217b-452a-9bc3-a69397a05b08,Homiesss,Milk,62.00,Food,Tue Jun 02 2026 00:00:00 GMT+0530 (India Standard Time),EQUAL,Mahipal,guest_e629e5eb-12c7-4bf3-bbed-348bd977bfd7@guest.local,Soumar,guest_d703b606-adaf-4800-af5b-0c231074777d@guest.local,12.40,Thu Jun 18 2026 15:01:01 GMT+0530 (India Standard Time)
662d2d2c-6110-435f-ad4a-bea702ce6139,Homiesss,Chass,30.00,Food,Tue Jun 02 2026 00:00:00 GMT+0530 (India Standard Time),EQUAL,Mahipal,guest_e629e5eb-12c7-4bf3-bbed-348bd977bfd7@guest.local,Soumar,guest_d703b606-adaf-4800-af5b-0c231074777d@guest.local,6.00,Thu Jun 18 2026 15:00:21 GMT+0530 (India Standard Time)
662d2d2c-6110-435f-ad4a-bea702ce6139,Homiesss,Chass,30.00,Food,Tue Jun 02 2026 00:00:00 GMT+0530 (India Standard Time),EQUAL,Mahipal,guest_e629e5eb-12c7-4bf3-bbed-348bd977bfd7@guest.local,Vijay,bvijay9100@gmail.com,6.00,Thu Jun 18 2026 15:00:21 GMT+0530 (India Standard Time)
2c6bb99e-217b-452a-9bc3-a69397a05b08,Homiesss,Milk,62.00,Food,Tue Jun 02 2026 00:00:00 GMT+0530 (India Standard Time),EQUAL,Mahipal,guest_e629e5eb-12c7-4bf3-bbed-348bd977bfd7@guest.local,Vijay,bvijay9100@gmail.com,12.40,Thu Jun 18 2026 15:01:01 GMT+0530 (India Standard Time)